Supplier,Archetype,Economic,Environmental,Social,Resilience,CC_Score
S5,Premium Innovator,8.565827063444203,8.78609401104167,8.147253325017878,9.593154640814417,8.807973813266724
S3,Resilient Incumbent,7.801510527821391,6.871643168282869,7.212954591400548,9.832111173209341,7.961812575498374
S2,Green Specialist,4.108834568797769,10.0,10.0,3.0548413602355056,6.911462184903028
S4,Balanced Generalist,3.4666316129805246,6.490585791138928,5.166190444475898,4.244104818440232,4.941394490743895
S1,Low-Cost Leader,2.295116500255076,0.0,0.0,0.0,0.45139930366902903
